"id";"timestamp";"amount";"customer_id";"product_id"
"207";"2009-04-30 18:34:24";"1,50";"1";"12"
"1784";"2009-06-17 19:47:13";"1,50";"99";"12"
"1803";"2009-06-17 20:51:34";"1,50";"68";"12"
"1813";"2009-06-17 21:17:32";"1,50";"66";"12"
"1830";"2009-06-17 22:08:27";"1,50";"85";"12"
"1981";"2009-06-23 21:06:22";"1,50";"27";"12"
"2006";"2009-06-23 21:55:28";"1,50";"66";"12"
"2467";"2009-09-09 21:02:52";"1,50";"203";"12"
"2719";"2009-09-10 01:01:12";"1,50";"43";"12"
"2732";"2009-09-10 01:16:24";"1,50";"43";"12"
"2741";"2009-09-10 01:46:33";"1,50";"43";"12"
"2820";"2009-09-14 18:32:25";"1,50";"120";"12"
"2920";"2009-09-15 20:49:51";"1,50";"201";"12"
"3164";"2009-09-16 01:25:50";"1,50";"88";"12"
"3219";"2009-09-17 00:18:11";"1,50";"69";"12"
"3220";"2009-09-17 00:18:11";"1,50";"69";"12"
"3233";"2009-09-21 17:10:22";"1,50";"267";"12"
"3326";"2009-09-22 21:38:36";"1,50";"201";"12"
"7444";"2010-02-02 20:12:29";"1,50";"201";"12"
"7458";"2010-02-02 20:44:39";"1,50";"210";"12"
"8001";"2010-02-12 21:58:15";"1,50";"270";"12"
"8016";"2010-02-12 22:29:10";"1,50";"296";"12"
"8245";"2010-02-17 23:44:43";"1,50";"1";"12"
"8273";"2010-02-18 01:02:27";"1,50";"1";"12"
"8495";"2010-02-24 00:13:17";"1,50";"93";"12"
"8622";"2010-02-24 22:47:53";"1,50";"93";"12"
"8661";"2010-02-24 23:32:33";"1,50";"135";"12"
"8662";"2010-02-24 23:32:41";"1,50";"150";"12"
"8676";"2010-02-25 00:07:48";"1,50";"150";"12"
"9034";"2010-03-16 22:42:27";"1,50";"201";"12"
"9904";"2010-04-02 21:24:48";"1,50";"85";"12"
"9930";"2010-04-03 02:50:17";"1,50";"157";"12"
"10530";"2010-04-14 22:30:13";"1,50";"201";"12"
"10586";"2010-04-14 23:54:32";"1,50";"296";"12"
"10597";"2010-04-15 00:13:10";"1,50";"206";"12"
"11261";"2010-05-10 20:15:23";"1,50";"221";"12"
"11546";"2010-05-25 21:19:36";"1,50";"201";"12"
"11770";"2010-05-28 18:03:08";"1,50";"196";"12"
"11796";"2010-05-28 23:40:35";"1,50";"27";"12"
"11813";"2010-05-29 00:20:19";"1,50";"27";"12"
"11898";"2010-06-01 18:52:17";"1,50";"198";"12"
"11901";"2010-06-01 20:08:45";"1,50";"201";"12"
"11908";"2010-06-01 20:34:53";"1,50";"221";"12"
"12572";"2010-06-15 21:35:12";"1,50";"269";"12"
"12673";"2010-06-16 23:04:39";"1,50";"242";"12"
"12729";"2010-06-17 23:24:24";"1,50";"310";"12"
"12730";"2010-06-17 23:25:05";"1,50";"310";"12"
"12732";"2010-06-17 23:26:20";"1,50";"310";"12"
"12801";"2010-06-22 21:08:18";"1,50";"201";"12"
"12972";"2010-06-26 15:12:40";"1,50";"201";"12"
"13382";"2010-09-07 23:03:46";"1,50";"322";"12"
"13785";"2010-09-14 22:52:42";"1,50";"368";"12"
"13791";"2010-09-14 22:59:02";"1,50";"346";"12"
"13837";"2010-09-15 21:50:11";"1,50";"267";"12"
"13854";"2010-09-15 22:03:20";"1,50";"322";"12"
"13937";"2010-09-16 15:44:10";"1,50";"201";"12"
"14294";"2010-09-23 04:15:19";"1,50";"270";"12"
"14375";"2010-09-28 21:22:57";"1,50";"354";"12"
"14441";"2010-09-28 22:25:51";"1,50";"368";"12"
"14463";"2010-09-28 23:00:14";"1,50";"270";"12"
"14505";"2010-09-29 00:10:30";"1,50";"416";"12"
"14506";"2010-09-29 00:10:30";"1,50";"416";"12"
"14507";"2010-09-29 00:10:30";"1,50";"416";"12"
"14510";"2010-09-29 00:18:00";"1,50";"318";"12"
"14516";"2010-09-29 01:32:36";"1,50";"198";"12"
"14652";"2010-09-29 22:35:16";"1,50";"416";"12"
"14866";"2010-10-05 20:29:13";"1,50";"221";"12"
"14887";"2010-10-05 21:16:53";"1,50";"327";"12"
"14892";"2010-10-05 21:20:06";"1,50";"1";"12"
"14893";"2010-10-05 21:20:17";"1,50";"1";"12"
"14922";"2010-10-05 21:50:28";"1,50";"161";"12"
"14997";"2010-10-05 23:04:46";"1,50";"161";"12"
"15237";"2010-10-11 21:08:34";"1,50";"185";"12"
"15703";"2010-10-22 20:20:56";"1,50";"324";"12"
"15807";"2010-10-22 21:39:04";"1,50";"203";"12"
"15907";"2010-10-22 22:49:10";"1,50";"416";"12"
"15908";"2010-10-22 22:49:10";"1,50";"416";"12"
"15909";"2010-10-22 22:49:10";"1,50";"416";"12"
"15950";"2010-10-22 23:26:49";"1,50";"416";"12"
"15951";"2010-10-22 23:26:50";"1,50";"416";"12"
"15955";"2010-10-22 23:29:28";"1,50";"290";"12"
"15976";"2010-10-22 23:52:31";"1,50";"416";"12"
"16001";"2010-10-25 21:15:35";"1,50";"319";"12"
"16455";"2010-11-06 20:55:16";"1,50";"251";"12"
"16543";"2010-11-09 22:15:06";"1,50";"85";"12"
"16557";"2010-11-09 22:52:30";"1,50";"11";"12"
"17214";"2010-11-30 20:21:12";"1,50";"99";"12"
"17215";"2010-11-30 20:21:12";"1,50";"99";"12"
"17219";"2010-11-30 20:42:17";"1,50";"99";"12"
"18568";"2011-01-11 20:56:21";"1,50";"99";"12"
"18569";"2011-01-11 20:56:23";"1,50";"99";"12"
"18629";"2011-01-11 23:08:30";"1,50";"201";"12"
"18793";"2011-01-18 20:42:58";"1,50";"99";"12"
"18794";"2011-01-18 20:42:58";"1,50";"99";"12"
"18934";"2011-01-20 01:02:54";"1,50";"270";"12"
"19061";"2011-02-02 17:23:54";"1,50";"85";"12"
"19327";"2011-02-09 23:20:44";"1,50";"321";"12"
"19370";"2011-02-11 21:18:15";"1,50";"269";"12"
"19413";"2011-02-15 20:52:29";"1,50";"201";"12"
"19456";"2011-02-15 22:33:02";"1,50";"269";"12"
"19755";"2011-03-04 17:10:18";"1,50";"338";"12"
"19756";"2011-03-04 17:10:18";"1,50";"338";"12"
"19757";"2011-03-04 17:22:32";"1,50";"193";"12"
"19758";"2011-03-04 17:31:29";"1,50";"271";"12"
"19759";"2011-03-04 17:31:29";"1,50";"271";"12"
"19760";"2011-03-04 17:51:04";"1,50";"423";"12"
"19761";"2011-03-04 17:51:12";"1,50";"234";"12"
"19961";"2011-03-08 21:29:51";"1,50";"196";"12"
"20086";"2011-03-09 23:18:35";"1,50";"395";"12"
"20087";"2011-03-09 23:18:35";"1,50";"395";"12"
"20088";"2011-03-09 23:21:47";"1,50";"211";"12"
"20875";"2011-04-06 23:28:40";"1,50";"416";"12"
"20876";"2011-04-06 23:28:40";"1,50";"416";"12"
"21468";"2011-05-03 20:14:26";"1,50";"99";"12"
"21469";"2011-05-03 20:14:26";"1,50";"99";"12"
"21492";"2011-05-03 21:44:27";"1,50";"99";"12"
"21612";"2011-05-10 21:37:13";"1,50";"270";"12"
"21930";"2011-05-17 19:28:38";"1,50";"333";"12"
"22498";"2011-05-31 23:34:48";"1,50";"152";"12"
"26644";"2011-11-29 22:19:27";"1,50";"175";"12"
"26657";"2011-11-29 22:44:56";"1,50";"201";"12"
"27047";"2011-12-06 20:11:38";"1,50";"484";"12"
"27495";"2011-12-14 22:13:36";"1,50";"175";"12"
"27958";"2011-12-20 23:22:36";"1,50";"201";"12"
"27982";"2011-12-20 23:48:44";"1,50";"67";"12"
"28050";"2012-01-03 23:38:03";"1,50";"175";"12"
"28136";"2012-01-06 23:05:09";"1,50";"269";"12"
"28194";"2012-01-10 20:48:33";"1,50";"347";"12"
"28267";"2012-01-10 23:28:29";"1,50";"314";"12"
"28664";"2012-01-20 21:07:38";"1,50";"175";"12"
"28694";"2012-01-20 22:44:19";"1,50";"175";"12"
"30914";"2012-03-15 02:02:41";"1,50";"480";"12"
"30915";"2012-03-15 02:02:41";"1,50";"480";"12"
"31025";"2012-03-20 22:46:06";"1,50";"175";"12"
"32380";"2012-05-04 22:32:49";"1,50";"43";"12"
"33999";"2012-06-09 20:07:52";"1,50";"379";"12"
"34112";"2012-06-12 21:02:46";"1,50";"435";"12"
"34113";"2012-06-12 21:02:46";"1,50";"435";"12"
"34285";"2012-06-19 20:17:01";"1,50";"341";"12"
"34337";"2012-06-19 22:06:14";"1,50";"339";"12"
"35585";"2012-09-12 22:40:51";"1,50";"674";"12"
"35586";"2012-09-12 22:41:04";"1,50";"615";"12"
"35632";"2012-09-12 22:55:58";"1,50";"625";"12"
"35652";"2012-09-12 23:10:28";"1,50";"494";"12"
"35799";"2012-09-13 01:27:49";"1,50";"688";"12"
"35810";"2012-09-13 01:41:32";"1,50";"608";"12"
"35811";"2012-09-13 01:41:32";"1,50";"608";"12"
"35822";"2012-09-13 17:21:49";"1,50";"674";"12"
"35884";"2012-09-18 20:56:16";"1,50";"688";"12"
"36130";"2012-09-19 22:55:46";"1,50";"637";"12"
"36192";"2012-09-20 00:10:07";"1,50";"637";"12"
"36371";"2012-09-25 20:04:02";"1,50";"699";"12"
"36490";"2012-09-25 21:58:50";"1,50";"608";"12"
"36669";"2012-09-26 22:56:09";"1,50";"637";"12"
"36699";"2012-09-26 23:07:31";"1,50";"709";"12"
"36757";"2012-09-26 23:36:56";"1,50";"637";"12"
"36933";"2012-10-02 19:43:19";"1,50";"697";"12"
"36951";"2012-10-02 20:51:08";"1,50";"707";"12"
"36952";"2012-10-02 20:51:54";"1,50";"707";"12"
"37099";"2012-10-09 20:43:46";"1,50";"494";"12"
"37104";"2012-10-09 21:07:52";"1,50";"264";"12"
"37466";"2012-10-16 20:46:46";"1,50";"637";"12"
"38250";"2012-10-31 23:17:39";"1,50";"494";"12"
"38279";"2012-11-05 21:55:08";"1,50";"653";"12"
"38541";"2012-11-07 22:47:11";"1,50";"494";"12"
"38744";"2012-11-09 23:25:39";"1,50";"379";"12"
"38767";"2012-11-10 00:33:28";"1,50";"379";"12"
"38770";"2012-11-10 00:41:45";"1,50";"608";"12"
"38802";"2012-11-10 01:24:10";"1,50";"608";"12"
"39220";"2012-11-21 22:01:16";"1,50";"608";"12"
"40092";"2012-12-12 23:31:29";"1,50";"716";"12"
"40370";"2012-12-19 22:50:34";"1,50";"62";"12"
"40406";"2012-12-19 23:18:35";"1,50";"608";"12"
"40420";"2012-12-19 23:31:35";"1,50";"665";"12"
"40467";"2012-12-20 00:12:56";"1,50";"381";"12"
"40472";"2012-12-20 00:21:29";"1,50";"201";"12"
"40478";"2012-12-20 00:29:05";"1,50";"608";"12"
"40505";"2012-12-20 01:10:11";"1,50";"665";"12"
"40535";"2012-12-29 00:01:36";"1,50";"215";"12"
"40553";"2013-01-02 23:02:07";"1,50";"201";"12"
"40685";"2013-01-08 22:26:11";"1,50";"608";"12"
"40720";"2013-01-09 22:16:26";"1,50";"494";"12"
"40831";"2013-01-09 23:55:35";"1,50";"647";"12"
"42430";"2013-02-13 23:07:24";"1,50";"195";"12"
"43318";"2013-03-06 21:44:05";"1,50";"474";"12"
"43319";"2013-03-06 21:44:05";"1,50";"474";"12"
"43469";"2013-03-13 23:24:18";"1,50";"467";"12"
"44182";"2013-04-02 19:58:06";"1,50";"297";"12"
"44209";"2013-04-02 21:18:19";"1,50";"393";"12"
"44233";"2013-04-02 22:14:27";"1,50";"393";"12"
"44399";"2013-04-16 21:30:28";"1,50";"393";"12"
"51149";"2013-10-10 00:41:41";"1,50";"722";"12"
"86497";"2016-10-31 23:34:56";"1,50";"1074";"12"
"86498";"2016-10-31 23:35:05";"1,50";"1129";"12"
"86499";"2016-11-01 00:10:01";"1,50";"1129";"12"
"86501";"2016-11-01 19:16:40";"1,50";"1068";"12"
"86510";"2016-11-01 20:05:39";"2,20";"1111";"12"
"86511";"2016-11-01 20:08:58";"2,20";"999";"12"
"86528";"2016-11-01 20:35:24";"2,20";"1074";"12"
"86540";"2016-11-01 21:20:02";"2,20";"939";"12"
"86542";"2016-11-01 21:21:35";"2,20";"1102";"12"
"86558";"2016-11-01 22:49:48";"2,20";"939";"12"
"86559";"2016-11-01 22:49:53";"2,20";"939";"12"
"86572";"2016-11-02 21:50:01";"2,20";"1111";"12"
"86573";"2016-11-02 22:08:27";"2,20";"1208";"12"
"86575";"2016-11-02 22:14:25";"2,20";"610";"12"
"86601";"2016-11-07 17:35:33";"2,20";"1270";"12"
"86631";"2016-11-08 19:28:46";"2,20";"1199";"12"
"86652";"2016-11-08 19:55:00";"2,20";"1214";"12"
"86710";"2016-11-08 21:10:56";"2,20";"1246";"12"
"86726";"2016-11-08 21:34:31";"2,20";"1216";"12"
"86747";"2016-11-08 22:07:21";"2,20";"1280";"12"
"86776";"2016-11-09 21:23:47";"2,20";"782";"12"
"86778";"2016-11-09 21:26:29";"2,20";"1199";"12"
"86783";"2016-11-09 21:34:01";"2,20";"1203";"12"
"86786";"2016-11-09 21:36:38";"2,20";"1209";"12"
"86800";"2016-11-09 21:49:43";"2,20";"1267";"12"
"86818";"2016-11-09 22:00:50";"2,20";"1255";"12"
"86823";"2016-11-09 22:03:08";"2,20";"1221";"12"
"86873";"2016-11-09 22:42:58";"2,20";"1074";"12"
"86879";"2016-11-09 22:45:29";"2,20";"968";"12"
"86966";"2016-11-10 00:23:05";"2,20";"1074";"12"
"86974";"2016-11-10 16:08:19";"2,20";"1270";"12"
"86998";"2016-11-10 22:20:03";"2,20";"1129";"12"
"87009";"2016-11-10 23:37:14";"2,20";"1142";"12"
"87010";"2016-11-10 23:37:34";"2,20";"1129";"12"
"87013";"2016-11-12 20:55:30";"2,20";"999";"12"
"87020";"2016-11-14 15:50:27";"2,20";"1290";"12"
"87025";"2016-11-14 17:22:06";"2,20";"1199";"12"
"87037";"2016-11-15 16:28:32";"2,20";"968";"12"
"87038";"2016-11-15 16:28:47";"2,20";"1074";"12"
"87043";"2016-11-15 19:11:19";"2,20";"1074";"12"
"87044";"2016-11-15 19:15:09";"2,20";"1199";"12"
"87056";"2016-11-15 20:03:16";"2,20";"782";"12"
"87059";"2016-11-15 20:09:32";"2,20";"1213";"12"
"87078";"2016-11-15 21:02:05";"2,20";"782";"12"
"87141";"2016-11-16 19:14:56";"2,20";"1205";"12"
"87147";"2016-11-16 20:05:14";"2,20";"1246";"12"
"87153";"2016-11-16 20:36:19";"2,20";"1129";"12"
"87165";"2016-11-16 21:32:47";"2,20";"938";"12"
"87176";"2016-11-16 21:52:24";"2,20";"157";"12"
"87190";"2016-11-16 21:59:56";"2,20";"157";"12"
"87210";"2016-11-16 22:33:19";"2,20";"1129";"12"
"87223";"2016-11-16 22:46:40";"2,20";"938";"12"
"87224";"2016-11-16 22:47:05";"2,20";"938";"12"
"87235";"2016-11-16 23:33:14";"2,20";"939";"12"
"87251";"2016-11-17 17:04:00";"2,20";"1270";"12"
"87270";"2016-11-18 16:24:58";"2,20";"1270";"12"
"87271";"2016-11-18 20:51:49";"2,20";"1201";"12"
"87272";"2016-11-18 20:52:19";"2,20";"1074";"12"
"87273";"2016-11-18 20:52:33";"2,20";"1129";"12"
"87274";"2016-11-18 21:15:29";"2,20";"1129";"12"
"87275";"2016-11-18 21:15:42";"2,20";"1246";"12"
"87276";"2016-11-18 21:15:55";"2,20";"1074";"12"
"87278";"2016-11-18 22:27:56";"2,20";"1270";"12"
"87279";"2016-11-18 23:20:11";"2,20";"1270";"12"
"87282";"2016-11-18 23:56:20";"2,20";"1088";"12"
"87383";"2016-11-22 20:48:21";"2,20";"1027";"12"
"87400";"2016-11-22 21:05:50";"2,20";"1074";"12"
"87401";"2016-11-22 21:07:19";"2,20";"1129";"12"
"87418";"2016-11-22 21:24:49";"2,20";"1125";"12"
"87419";"2016-11-22 21:24:55";"2,20";"1125";"12"
"87420";"2016-11-22 21:27:57";"2,20";"1027";"12"
"87421";"2016-11-22 21:29:14";"2,20";"1088";"12"
"87422";"2016-11-22 21:32:47";"2,20";"1129";"12"
"87423";"2016-11-22 21:33:06";"2,20";"1270";"12"
"87448";"2016-11-22 22:19:18";"2,20";"1027";"12"
"87450";"2016-11-22 22:22:43";"2,20";"1118";"12"
"87451";"2016-11-22 22:22:56";"2,20";"1125";"12"
"87491";"2016-11-23 18:56:04";"2,20";"1270";"12"
"87497";"2016-11-23 20:02:54";"2,20";"1199";"12"
"87499";"2016-11-23 20:12:04";"2,20";"918";"12"
"87529";"2016-11-23 21:07:26";"2,20";"782";"12"
"87557";"2016-11-23 21:34:53";"2,20";"1092";"12"
"87606";"2016-11-23 22:28:17";"2,20";"1125";"12"
"87627";"2016-11-23 22:52:00";"2,20";"1125";"12"
"87642";"2016-11-23 23:17:50";"2,20";"1209";"12"
"87643";"2016-11-23 23:18:27";"2,20";"1209";"12"
"87659";"2016-11-23 23:45:47";"2,20";"1224";"12"
"87682";"2016-11-24 01:03:08";"2,20";"779";"12"
"87683";"2016-11-24 01:03:13";"2,20";"779";"12"
"87684";"2016-11-24 01:03:25";"2,20";"779";"12"
"87685";"2016-11-24 01:03:31";"2,20";"779";"12"
"87715";"2016-11-25 12:16:17";"2,20";"968";"12"
"87736";"2016-11-25 18:06:52";"2,20";"1270";"12"
"87742";"2016-11-25 18:53:37";"2,20";"1270";"12"
"87753";"2016-11-25 19:24:50";"2,20";"1250";"12"
"87763";"2016-11-25 20:09:58";"2,20";"1270";"12"
"87790";"2016-11-25 23:38:48";"2,20";"1129";"12"
"87798";"2016-11-26 20:36:28";"2,20";"1270";"12"
"87808";"2016-11-26 21:33:10";"2,20";"1270";"12"
"87830";"2016-11-26 22:40:07";"2,20";"1074";"12"
"87848";"2016-11-26 23:23:09";"2,20";"1255";"12"
"87883";"2016-11-27 01:49:49";"2,20";"610";"12"
"87912";"2016-11-29 18:08:02";"2,20";"1270";"12"
"87965";"2016-11-29 19:25:45";"2,20";"1129";"12"
"87972";"2016-11-29 19:37:56";"2,20";"782";"12"
"87973";"2016-11-29 19:38:02";"2,20";"782";"12"
"88009";"2016-11-29 20:20:30";"2,20";"1270";"12"
"88055";"2016-11-29 21:00:44";"2,20";"1077";"12"
"88062";"2016-11-29 21:07:58";"2,20";"1227";"12"
"88212";"2016-11-30 22:03:12";"2,20";"1222";"12"
"88238";"2016-11-30 22:57:55";"2,20";"1270";"12"
"88239";"2016-11-30 23:06:17";"2,20";"1108";"12"
"88242";"2016-11-30 23:08:33";"2,20";"1246";"12"
"88299";"2016-12-03 23:10:56";"2,20";"1074";"12"
"88301";"2016-12-03 23:37:05";"2,20";"1129";"12"
"88302";"2016-12-03 23:37:15";"2,20";"1129";"12"
"88324";"2016-12-06 19:06:35";"2,20";"1270";"12"
"88379";"2016-12-06 21:04:40";"2,20";"1068";"12"
"88409";"2016-12-06 22:04:07";"2,20";"1227";"12"
"88433";"2016-12-07 14:42:35";"2,20";"1129";"12"
"88434";"2016-12-07 18:04:29";"2,20";"1270";"12"
"90457";"2017-01-30 18:10:07";"2,20";"1140";"12"
"1786";"2009-06-17 19:47:27";"1,50";"27";"21"
"1788";"2009-06-17 19:48:13";"1,50";"66";"21"
"1790";"2009-06-17 20:10:13";"1,50";"63";"21"
"1794";"2009-06-17 20:14:33";"1,50";"88";"21"
"1802";"2009-06-17 20:49:34";"1,50";"84";"21"
"1814";"2009-06-17 21:19:52";"1,50";"63";"21"
"1823";"2009-06-17 21:54:51";"1,50";"69";"21"
"1857";"2009-06-17 23:12:00";"1,50";"116";"21"
"9178";"2010-03-23 20:57:17";"1,20";"211";"21"
"9180";"2010-03-23 21:13:54";"1,20";"66";"21"
"9182";"2010-03-23 21:17:09";"1,20";"93";"21"
"9196";"2010-03-23 22:03:23";"1,20";"201";"21"
"9204";"2010-03-23 22:25:58";"1,20";"211";"21"
"9205";"2010-03-23 22:26:14";"1,20";"43";"21"
"9215";"2010-03-23 22:45:47";"1,20";"203";"21"
"9228";"2010-03-23 23:03:55";"1,20";"211";"21"
"9235";"2010-03-23 23:18:04";"1,20";"84";"21"
"9240";"2010-03-23 23:29:08";"1,20";"79";"21"
"9246";"2010-03-23 23:35:21";"1,20";"185";"21"
"9260";"2010-03-23 23:51:40";"1,20";"187";"21"
"9265";"2010-03-24 00:09:05";"1,20";"84";"21"
"9283";"2010-03-24 00:56:27";"1,20";"179";"21"
"9292";"2010-03-24 15:02:44";"1,20";"270";"21"
"9293";"2010-03-24 15:02:50";"1,20";"210";"21"
"9551";"2010-03-25 23:38:43";"1,20";"211";"21"
"9725";"2010-03-30 23:17:49";"1,20";"53";"21"
"9765";"2010-03-31 22:28:30";"1,20";"99";"21"
"9823";"2010-03-31 23:51:16";"1,20";"203";"21"
"9838";"2010-04-01 00:31:03";"1,20";"203";"21"
"9843";"2010-04-01 00:55:57";"1,20";"201";"21"
"9844";"2010-04-01 00:56:09";"1,20";"203";"21"
"9845";"2010-04-01 00:56:42";"1,20";"189";"21"
"9927";"2010-04-03 02:16:42";"1,20";"12";"21"
"9928";"2010-04-03 02:44:55";"1,20";"222";"21"
"9935";"2010-04-06 15:19:46";"1,20";"201";"21"
"9961";"2010-04-06 21:09:52";"1,20";"196";"21"
"9966";"2010-04-06 21:21:58";"1,20";"179";"21"
"9988";"2010-04-06 22:13:43";"1,20";"69";"21"
"9996";"2010-04-06 22:26:45";"1,20";"88";"21"
"10020";"2010-04-06 23:12:40";"1,20";"196";"21"
"10029";"2010-04-06 23:34:32";"1,20";"93";"21"
"10043";"2010-04-07 00:13:16";"1,20";"196";"21"
"10045";"2010-04-07 00:24:12";"1,20";"198";"21"
"10049";"2010-04-07 00:48:23";"1,20";"198";"21"
"10078";"2010-04-07 22:09:11";"1,20";"198";"21"
"10132";"2010-04-07 23:40:57";"1,20";"182";"21"
"10192";"2010-04-08 01:54:05";"1,20";"201";"21"
"10219";"2010-04-09 18:17:57";"1,20";"210";"21"
"10249";"2010-04-09 22:36:57";"1,20";"179";"21"
"10298";"2010-04-12 18:08:42";"1,20";"200";"21"
"10299";"2010-04-12 18:09:08";"1,20";"206";"21"
"10335";"2010-04-12 21:47:52";"1,20";"203";"21"
"10345";"2010-04-12 23:29:52";"1,20";"198";"21"
"10396";"2010-04-13 21:54:20";"1,20";"88";"21"
"10405";"2010-04-13 22:11:32";"1,20";"198";"21"
"10409";"2010-04-13 22:23:56";"1,20";"296";"21"
"10462";"2010-04-14 00:59:39";"1,20";"198";"21"
"10491";"2010-04-14 20:15:39";"1,20";"198";"21"
"10501";"2010-04-14 21:12:16";"1,20";"210";"21"
"10758";"2010-04-16 21:57:49";"1,20";"201";"21"
"10765";"2010-04-16 22:43:39";"1,20";"203";"21"
"10793";"2010-04-18 00:00:04";"1,20";"66";"21"
"10794";"2010-04-18 00:00:04";"1,20";"66";"21"
"10795";"2010-04-18 00:00:04";"1,20";"66";"21"
"10827";"2010-04-20 21:10:01";"1,20";"201";"21"
"10842";"2010-04-22 18:44:15";"1,20";"203";"21"
"10887";"2010-04-26 20:38:22";"1,20";"198";"21"
"10932";"2010-04-27 20:47:54";"1,20";"251";"21"
"10933";"2010-04-27 20:47:54";"1,20";"251";"21"
"10934";"2010-04-27 20:47:54";"1,20";"251";"21"
"10945";"2010-04-27 21:29:58";"1,20";"203";"21"
"10969";"2010-04-27 22:37:41";"1,20";"270";"21"
"10979";"2010-04-27 23:14:41";"1,20";"210";"21"
"10991";"2010-04-27 23:54:24";"1,20";"198";"21"
"10992";"2010-04-27 23:54:28";"1,20";"198";"21"
"11110";"2010-05-07 20:52:34";"1,20";"210";"21"
"11228";"2010-05-10 19:16:47";"1,20";"116";"21"
"11234";"2010-05-10 19:28:27";"1,20";"203";"21"
"11244";"2010-05-10 19:41:29";"1,20";"196";"21"
"11286";"2010-05-10 21:12:18";"1,20";"296";"21"
"11287";"2010-05-10 21:12:20";"1,20";"296";"21"
"11309";"2010-05-10 23:06:35";"1,20";"296";"21"
"11334";"2010-05-17 18:34:29";"1,20";"186";"21"
"11342";"2010-05-17 22:15:48";"1,20";"239";"21"
"11372";"2010-05-18 20:45:02";"1,20";"81";"21"
"11381";"2010-05-18 21:24:34";"1,20";"270";"21"
"11530";"2010-05-25 20:34:50";"1,20";"196";"21"
"11535";"2010-05-25 21:04:26";"1,20";"91";"21"
"11541";"2010-05-25 21:16:59";"1,20";"69";"21"
"11558";"2010-05-25 21:40:32";"1,20";"203";"21"
"11561";"2010-05-25 21:54:35";"1,20";"81";"21"
"11565";"2010-05-25 21:57:25";"1,20";"196";"21"
"11577";"2010-05-25 22:22:30";"1,20";"186";"21"
"11707";"2010-05-26 23:11:02";"1,20";"31";"21"
"11910";"2010-06-01 20:35:06";"1,20";"198";"21"
"11913";"2010-06-01 20:45:10";"1,20";"270";"21"
"11939";"2010-06-01 21:47:37";"1,20";"81";"21"
"11965";"2010-06-01 22:33:32";"1,20";"81";"21"
"11993";"2010-06-01 23:01:06";"1,20";"185";"21"
"12006";"2010-06-01 23:21:40";"1,20";"179";"21"
"12379";"2010-06-09 23:28:44";"1,20";"187";"21"
"12425";"2010-06-10 00:54:24";"1,20";"203";"21"
"12472";"2010-06-11 22:27:45";"1,20";"31";"21"
"12497";"2010-06-14 18:54:20";"1,20";"66";"21"
"12513";"2010-06-14 19:48:08";"1,20";"66";"21"
"12532";"2010-06-14 20:37:18";"1,20";"185";"21"
"12560";"2010-06-15 20:50:39";"1,20";"81";"21"
"12646";"2010-06-16 19:38:40";"1,20";"210";"21"
"12782";"2010-06-22 17:01:37";"1,20";"164";"21"
"12825";"2010-06-22 22:30:06";"1,20";"81";"21"
"12871";"2010-06-23 00:34:44";"1,20";"201";"21"
"12967";"2010-06-25 17:06:24";"1,20";"198";"21"
"13044";"2010-06-29 21:03:42";"1,20";"81";"21"
"13132";"2010-07-06 21:10:07";"1,20";"175";"21"
"13174";"2010-07-13 16:46:53";"1,20";"16";"21"
"13188";"2010-07-25 22:24:37";"1,20";"84";"21"
"13189";"2010-07-25 22:24:45";"1,20";"66";"21"
"13191";"2010-08-06 20:57:27";"1,20";"66";"21"
"13192";"2010-08-06 20:57:44";"1,20";"66";"21"
"13209";"2010-08-25 21:06:04";"1,20";"52";"21"
"13210";"2010-08-25 21:06:04";"1,20";"52";"21"
"13227";"2010-08-25 23:31:11";"1,20";"53";"21"
"13246";"2010-08-31 19:31:15";"1,20";"175";"21"
"13247";"2010-08-31 19:36:02";"1,20";"203";"21"
"13248";"2010-08-31 19:53:34";"1,20";"210";"21"
"13263";"2010-09-07 19:10:40";"1,20";"191";"21"
"13264";"2010-09-07 19:10:40";"1,20";"191";"21"
"13266";"2010-09-07 19:11:36";"1,20";"251";"21"
"13268";"2010-09-07 19:17:24";"1,20";"198";"21"
"13269";"2010-09-07 19:28:36";"1,20";"187";"21"
"13288";"2010-09-07 20:46:26";"1,20";"322";"21"
"13295";"2010-09-07 21:00:27";"1,20";"179";"21"
"13297";"2010-09-07 21:05:54";"1,20";"203";"21"
"13378";"2010-09-07 23:01:20";"1,20";"327";"21"
"13418";"2010-09-08 21:24:34";"1,20";"327";"21"
"13421";"2010-09-08 21:25:36";"1,20";"354";"21"
"13426";"2010-09-08 21:37:28";"1,20";"336";"21"
"13436";"2010-09-08 21:51:54";"1,20";"336";"21"
"13437";"2010-09-08 21:54:34";"1,20";"337";"21"
"13442";"2010-09-08 22:01:49";"1,20";"356";"21"
"13446";"2010-09-08 22:05:24";"1,20";"324";"21"
"13453";"2010-09-08 22:12:57";"1,20";"360";"21"
"13454";"2010-09-08 22:13:50";"1,20";"363";"21"
"13484";"2010-09-08 22:46:40";"1,20";"43";"21"
"13489";"2010-09-08 22:50:30";"1,20";"336";"21"
"13521";"2010-09-08 23:19:18";"1,20";"336";"21"
"13549";"2010-09-08 23:45:12";"1,20";"43";"21"
"13557";"2010-09-08 23:50:47";"1,20";"336";"21"
"13608";"2010-09-09 01:54:35";"1,20";"198";"21"
"13648";"2010-09-13 19:27:43";"1,20";"356";"21"
"13654";"2010-09-13 19:36:49";"1,20";"337";"21"
"13684";"2010-09-14 20:47:33";"1,20";"201";"21"
"13735";"2010-09-14 21:28:24";"1,20";"43";"21"
"13764";"2010-09-14 22:00:06";"1,20";"356";"21"
"13772";"2010-09-14 22:13:35";"1,20";"322";"21"
"13784";"2010-09-14 22:47:10";"1,20";"31";"21"
"13798";"2010-09-14 23:13:01";"1,20";"186";"21"
"13817";"2010-09-14 23:52:56";"1,20";"185";"21"
"13820";"2010-09-15 00:07:03";"1,20";"203";"21"
"13831";"2010-09-15 01:07:08";"1,20";"198";"21"
"13836";"2010-09-15 21:49:12";"1,20";"210";"21"
"13845";"2010-09-15 21:58:04";"1,20";"324";"21"
"13847";"2010-09-15 21:58:55";"1,20";"327";"21"
"13892";"2010-09-15 22:59:21";"1,20";"203";"21"
"13905";"2010-09-15 23:09:53";"1,20";"210";"21"
"13921";"2010-09-16 00:00:47";"1,20";"203";"21"
"13997";"2010-09-21 20:35:18";"1,20";"324";"21"
"13998";"2010-09-21 20:35:44";"1,20";"326";"21"
"14028";"2010-09-21 21:27:29";"1,20";"326";"21"
"14029";"2010-09-21 21:27:29";"1,20";"326";"21"
"14048";"2010-09-21 21:45:55";"1,20";"43";"21"
"14049";"2010-09-21 21:45:55";"1,20";"43";"21"
"14065";"2010-09-21 22:09:30";"1,20";"66";"21"
"14069";"2010-09-21 22:16:00";"1,20";"43";"21"
"14075";"2010-09-21 22:25:46";"1,20";"270";"21"
"14092";"2010-09-21 22:59:52";"1,20";"179";"21"
"14125";"2010-09-21 23:51:54";"1,20";"327";"21"
"14243";"2010-09-23 00:04:16";"1,20";"186";"21"
"14247";"2010-09-23 00:14:39";"1,20";"354";"21"
"14325";"2010-09-28 20:09:15";"1,20";"379";"21"
"14332";"2010-09-28 20:21:31";"1,20";"327";"21"
"14333";"2010-09-28 20:22:04";"1,20";"221";"21"
"14334";"2010-09-28 20:22:04";"1,20";"221";"21"
"14335";"2010-09-28 20:22:06";"1,20";"221";"21"
"14343";"2010-09-28 20:50:38";"1,20";"332";"21"
"14344";"2010-09-28 20:53:15";"1,20";"354";"21"
"14345";"2010-09-28 20:53:22";"1,20";"337";"21"
"14353";"2010-09-28 20:57:59";"1,20";"314";"21"
"14354";"2010-09-28 20:58:21";"1,20";"321";"21"
"14362";"2010-09-28 21:11:15";"1,20";"179";"21"
"14378";"2010-09-28 21:26:26";"1,20";"332";"21"
"14385";"2010-09-28 21:30:31";"1,20";"358";"21"
"14389";"2010-09-28 21:37:13";"1,20";"348";"21"
"14390";"2010-09-28 21:37:23";"1,20";"388";"21"
"14398";"2010-09-28 21:39:48";"1,20";"203";"21"
"14453";"2010-09-28 22:40:22";"1,20";"324";"21"
"14484";"2010-09-28 23:35:13";"1,20";"185";"21"
"14494";"2010-09-28 23:52:36";"1,20";"179";"21"
"14495";"2010-09-28 23:52:36";"1,20";"179";"21"
"14677";"2010-09-29 22:45:07";"1,20";"327";"21"
"14682";"2010-09-29 22:47:43";"1,20";"203";"21"
"14683";"2010-09-29 22:47:43";"1,20";"203";"21"
"14684";"2010-09-29 22:47:53";"1,20";"203";"21"
"14685";"2010-09-29 22:47:53";"1,20";"203";"21"
"14770";"2010-09-29 23:45:19";"1,20";"60";"21"
"14787";"2010-09-30 00:06:39";"1,20";"201";"21"
"14792";"2010-09-30 00:10:27";"1,20";"203";"21"
"14871";"2010-10-05 20:48:52";"1,20";"179";"21"
"14872";"2010-10-05 20:54:20";"1,20";"332";"21"
"14913";"2010-10-05 21:39:23";"1,20";"337";"21"
"14914";"2010-10-05 21:39:23";"1,20";"337";"21"
"14946";"2010-10-05 22:10:02";"1,20";"69";"21"
"14949";"2010-10-05 22:11:16";"1,20";"43";"21"
"15066";"2010-10-06 21:44:23";"1,20";"428";"21"
"15067";"2010-10-06 21:45:11";"1,20";"332";"21"
"15071";"2010-10-06 22:02:19";"1,20";"186";"21"
"15083";"2010-10-06 22:16:25";"1,20";"198";"21"
"15085";"2010-10-06 22:17:59";"1,20";"336";"21"
"15089";"2010-10-06 22:31:25";"1,20";"323";"21"
"15090";"2010-10-06 22:31:47";"1,20";"333";"21"
"15091";"2010-10-06 22:34:15";"1,20";"320";"21"
"15099";"2010-10-06 22:39:38";"1,20";"270";"21"
"15108";"2010-10-06 22:52:44";"1,20";"430";"21"
"15114";"2010-10-06 22:58:54";"1,20";"198";"21"
"15116";"2010-10-06 23:01:32";"1,20";"363";"21"
"15130";"2010-10-06 23:18:54";"1,20";"320";"21"
"15135";"2010-10-06 23:25:10";"1,20";"371";"21"
"15141";"2010-10-06 23:38:05";"1,20";"338";"21"
"15142";"2010-10-06 23:46:10";"1,20";"336";"21"
"15143";"2010-10-06 23:54:45";"1,20";"211";"21"
"15144";"2010-10-06 23:58:43";"1,20";"269";"21"
"15145";"2010-10-06 23:59:13";"1,20";"198";"21"
"15146";"2010-10-07 00:02:42";"1,20";"290";"21"
"15150";"2010-10-07 00:30:40";"1,20";"251";"21"
"15151";"2010-10-07 00:30:46";"1,20";"175";"21"
"15152";"2010-10-07 00:31:41";"1,20";"363";"21"
"15197";"2010-10-10 02:02:41";"1,20";"60";"21"
"15199";"2010-10-10 02:34:22";"1,20";"327";"21"
"15201";"2010-10-10 02:57:39";"1,20";"327";"21"
"15207";"2010-10-10 03:40:20";"1,20";"327";"21"
"15211";"2010-10-11 19:02:16";"1,20";"191";"21"
"15212";"2010-10-11 19:02:16";"1,20";"191";"21"
"15241";"2010-10-11 21:29:35";"1,20";"327";"21"
"15248";"2010-10-11 22:22:52";"1,20";"327";"21"
"15251";"2010-10-11 23:06:59";"1,20";"327";"21"
"15258";"2010-10-12 20:13:44";"1,20";"179";"21"
"15259";"2010-10-12 20:13:44";"1,20";"179";"21"
"15260";"2010-10-12 20:13:44";"1,20";"179";"21"
"15263";"2010-10-12 20:17:28";"1,20";"367";"21"
"15264";"2010-10-12 20:17:34";"1,20";"363";"21"
"15296";"2010-10-12 21:42:10";"1,20";"341";"21"
"15464";"2010-10-14 22:59:07";"1,20";"157";"21"
"15482";"2010-10-19 20:08:39";"1,20";"319";"21"
"15486";"2010-10-19 20:22:01";"1,20";"327";"21"
"15494";"2010-10-19 21:04:40";"1,20";"332";"21"
"15499";"2010-10-19 21:21:52";"1,20";"203";"21"
"15500";"2010-10-19 21:22:43";"1,20";"152";"21"
"15508";"2010-10-19 21:32:59";"1,20";"319";"21"
"15557";"2010-10-19 23:18:39";"1,20";"61";"21"
"15570";"2010-10-19 23:44:04";"1,20";"60";"21"
"15572";"2010-10-19 23:48:18";"1,20";"270";"21"
"15600";"2010-10-20 22:53:19";"1,20";"320";"21"
"15607";"2010-10-20 23:11:42";"1,20";"327";"21"
"15617";"2010-10-20 23:32:13";"1,20";"270";"21"
"15618";"2010-10-20 23:32:13";"1,20";"270";"21"
"15620";"2010-10-20 23:38:35";"1,20";"365";"21"
"15621";"2010-10-20 23:41:02";"1,20";"361";"21"
"15622";"2010-10-20 23:41:16";"1,20";"320";"21"
"15625";"2010-10-20 23:44:23";"1,20";"390";"21"
"15685";"2010-10-22 19:59:02";"1,20";"203";"21"
"15690";"2010-10-22 20:03:19";"1,20";"324";"21"
"15691";"2010-10-22 20:03:19";"1,20";"324";"21"
"15696";"2010-10-22 20:08:15";"1,20";"327";"21"
"15701";"2010-10-22 20:17:55";"1,20";"327";"21"
"15704";"2010-10-22 20:21:03";"1,20";"324";"21"
"15705";"2010-10-22 20:23:12";"1,20";"198";"21"
"15716";"2010-10-22 20:39:45";"1,20";"356";"21"
"15722";"2010-10-22 20:44:05";"1,20";"203";"21"
"15743";"2010-10-22 21:01:00";"1,20";"60";"21"
"15744";"2010-10-22 21:01:07";"1,20";"152";"21"
"15745";"2010-10-22 21:01:15";"1,20";"61";"21"
"15747";"2010-10-22 21:02:40";"1,20";"439";"21"
"15754";"2010-10-22 21:06:34";"1,20";"324";"21"
"15775";"2010-10-22 21:20:26";"1,20";"60";"21"
"15786";"2010-10-22 21:28:11";"1,20";"314";"21"
"15814";"2010-10-22 21:44:32";"1,20";"439";"21"
"15852";"2010-10-22 22:13:09";"1,20";"327";"21"
"15869";"2010-10-22 22:24:40";"1,20";"60";"21"
"15897";"2010-10-22 22:39:19";"1,20";"159";"21"
"15928";"2010-10-22 23:08:34";"1,20";"61";"21"
"15929";"2010-10-22 23:08:34";"1,20";"61";"21"
"15939";"2010-10-22 23:18:44";"1,20";"152";"21"
"15948";"2010-10-22 23:23:33";"1,20";"60";"21"
"15963";"2010-10-22 23:38:33";"1,20";"270";"21"
"15988";"2010-10-23 00:10:55";"1,20";"203";"21"
"16019";"2010-10-26 20:30:31";"1,20";"271";"21"
"16021";"2010-10-26 20:50:36";"1,20";"210";"21"
"16023";"2010-10-26 21:02:39";"1,20";"269";"21"
"16024";"2010-10-26 21:02:57";"1,20";"332";"21"
"16025";"2010-10-26 21:02:57";"1,20";"332";"21"
"16032";"2010-10-26 21:28:52";"1,20";"60";"21"
"16033";"2010-10-26 21:28:59";"1,20";"61";"21"
"16034";"2010-10-26 21:29:05";"1,20";"152";"21"
"16046";"2010-10-26 21:44:11";"1,20";"43";"21"
"16047";"2010-10-26 21:44:11";"1,20";"43";"21"
"16164";"2010-10-29 23:19:43";"1,20";"269";"21"
"16199";"2010-11-02 20:48:23";"1,20";"270";"21"
"16217";"2010-11-02 21:24:39";"1,20";"269";"21"
"16218";"2010-11-02 21:29:27";"1,20";"327";"21"
"16242";"2010-11-02 22:21:10";"1,20";"269";"21"
"16256";"2010-11-02 22:56:11";"1,20";"363";"21"
"16262";"2010-11-02 23:22:17";"1,20";"363";"21"
"16266";"2010-11-02 23:32:12";"1,20";"269";"21"
"16306";"2010-11-03 18:33:39";"1,20";"198";"21"
"16459";"2010-11-06 21:51:49";"1,20";"195";"21"
"16495";"2010-11-09 20:46:51";"1,20";"363";"21"
"16512";"2010-11-09 21:24:42";"1,20";"179";"21"
"16522";"2010-11-09 21:59:05";"1,20";"356";"21"
"16523";"2010-11-09 21:59:45";"1,20";"270";"21"
"16531";"2010-11-09 22:09:23";"1,20";"360";"21"
"16532";"2010-11-09 22:09:23";"1,20";"360";"21"
"16567";"2010-11-09 23:08:37";"1,20";"327";"21"
"16569";"2010-11-09 23:11:46";"1,20";"60";"21"
"16635";"2010-11-10 23:32:40";"1,20";"152";"21"
"16638";"2010-11-10 23:33:42";"1,20";"11";"21"
"16639";"2010-11-10 23:39:47";"1,20";"383";"21"
"16686";"2010-11-11 01:55:48";"1,20";"242";"21"
"16687";"2010-11-11 01:57:56";"1,20";"242";"21"
"16701";"2010-11-16 20:49:51";"1,20";"356";"21"
"16710";"2010-11-16 21:11:16";"1,20";"270";"21"
"16724";"2010-11-16 21:27:57";"1,20";"363";"21"
"16731";"2010-11-16 21:31:17";"1,20";"152";"21"
"16736";"2010-11-16 21:39:58";"1,20";"363";"21"
"16752";"2010-11-16 22:22:14";"1,20";"356";"21"
"16804";"2010-11-17 17:07:03";"1,20";"403";"21"
"16824";"2010-11-17 21:35:23";"1,20";"327";"21"
"16828";"2010-11-17 22:10:09";"1,20";"327";"21"
"16836";"2010-11-17 22:38:13";"1,20";"356";"21"
"16854";"2010-11-17 23:14:41";"1,20";"318";"21"
"16858";"2010-11-17 23:32:56";"1,20";"363";"21"
"16859";"2010-11-17 23:33:51";"1,20";"356";"21"
"16861";"2010-11-17 23:43:28";"1,20";"327";"21"
"16864";"2010-11-18 00:02:01";"1,20";"274";"21"
"16879";"2010-11-18 01:01:57";"1,20";"327";"21"
"16880";"2010-11-18 01:01:57";"1,20";"327";"21"
"17040";"2010-11-23 20:38:10";"1,20";"363";"21"
"17079";"2010-11-23 22:05:57";"1,20";"60";"21"
"17087";"2010-11-23 22:23:31";"1,20";"270";"21"
"17091";"2010-11-23 22:33:56";"1,20";"217";"21"
"17132";"2010-11-24 22:18:00";"1,20";"327";"21"
"17139";"2010-11-24 22:20:44";"1,20";"356";"21"
"17168";"2010-11-24 23:38:56";"1,20";"320";"21"
"17179";"2010-11-25 00:30:47";"1,20";"320";"21"
"17185";"2010-11-26 18:24:16";"1,20";"60";"21"
"17187";"2010-11-26 18:31:05";"1,20";"60";"21"
"17226";"2010-11-30 21:11:26";"1,20";"356";"21"
"17255";"2010-11-30 21:57:11";"1,20";"204";"21"
"17256";"2010-11-30 21:57:23";"1,20";"270";"21"
"17257";"2010-11-30 21:57:30";"1,20";"217";"21"
"17296";"2010-11-30 22:35:49";"1,20";"217";"21"
"17302";"2010-11-30 22:36:39";"1,20";"270";"21"
"17329";"2010-11-30 23:14:50";"1,20";"217";"21"
"17369";"2010-12-01 22:15:44";"1,20";"99";"21"
"17387";"2010-12-01 22:56:43";"1,20";"430";"21"
"17388";"2010-12-01 22:57:03";"1,20";"363";"21"
"17615";"2010-12-06 20:31:53";"1,20";"269";"21"
"17633";"2010-12-06 21:29:00";"1,20";"347";"21"
"17637";"2010-12-06 21:36:21";"1,20";"60";"21"
"17647";"2010-12-06 21:52:59";"1,20";"269";"21"
"17651";"2010-12-06 22:07:49";"1,20";"210";"21"
"17696";"2010-12-07 20:28:57";"1,20";"179";"21"
"17736";"2010-12-07 21:55:51";"1,20";"179";"21"
"17740";"2010-12-07 22:03:40";"1,20";"332";"21"
"17743";"2010-12-07 22:14:38";"1,20";"179";"21"
"17744";"2010-12-07 22:14:38";"1,20";"179";"21"
"17745";"2010-12-07 22:14:38";"1,20";"179";"21"
"17746";"2010-12-07 22:14:38";"1,20";"179";"21"
"17753";"2010-12-07 22:27:03";"1,20";"332";"21"
"17754";"2010-12-07 22:27:03";"1,20";"332";"21"
"17772";"2010-12-07 22:58:14";"1,20";"356";"21"
"17807";"2010-12-08 00:07:11";"1,20";"356";"21"
"17826";"2010-12-08 22:12:31";"1,20";"270";"21"
"17834";"2010-12-08 22:39:17";"1,20";"269";"21"
"17859";"2010-12-08 23:31:59";"1,20";"320";"21"
"17871";"2010-12-08 23:59:02";"1,20";"320";"21"
"17888";"2010-12-09 01:07:19";"1,20";"320";"21"
"17895";"2010-12-09 01:26:45";"1,20";"363";"21"
"17910";"2010-12-13 19:40:05";"1,20";"85";"21"
"17947";"2010-12-13 23:10:41";"1,20";"371";"21"
"18018";"2010-12-14 22:33:40";"1,20";"332";"21"
"18019";"2010-12-14 22:33:41";"1,20";"332";"21"
"18022";"2010-12-14 22:42:06";"1,20";"356";"21"
"18052";"2010-12-15 17:53:36";"1,20";"196";"21"
"18053";"2010-12-15 17:55:38";"1,20";"198";"21"
"18284";"2010-12-17 22:59:08";"1,20";"269";"21"
"18295";"2010-12-18 01:36:24";"1,20";"195";"21"
"18296";"2010-12-18 01:37:48";"1,20";"269";"21"
"18297";"2010-12-18 01:37:54";"1,20";"203";"21"
"18299";"2010-12-18 02:17:20";"1,20";"198";"21"
"18317";"2011-01-04 21:08:57";"1,20";"356";"21"
"18322";"2011-01-04 21:18:19";"1,20";"269";"21"
"18325";"2011-01-04 21:27:05";"1,20";"217";"21"
"18327";"2011-01-04 21:34:12";"1,20";"371";"21"
"18333";"2011-01-04 21:40:52";"1,20";"198";"21"
"18339";"2011-01-04 21:56:08";"1,20";"327";"21"
"18347";"2011-01-04 22:15:03";"1,20";"371";"21"
"18351";"2011-01-04 22:23:49";"1,20";"60";"21"
"18352";"2011-01-04 22:23:57";"1,20";"152";"21"
"18374";"2011-01-04 23:16:22";"1,20";"371";"21"
"18376";"2011-01-04 23:30:14";"1,20";"195";"21"
"18392";"2011-01-05 18:41:18";"1,20";"441";"21"
"18396";"2011-01-05 19:44:22";"1,20";"441";"21"
"18397";"2011-01-05 19:58:28";"1,20";"60";"21"
"18402";"2011-01-05 21:48:10";"1,20";"363";"21"
"18440";"2011-01-05 23:14:06";"1,20";"371";"21"
"18441";"2011-01-05 23:14:06";"1,20";"371";"21"
"18459";"2011-01-05 23:40:50";"1,20";"327";"21"
"18460";"2011-01-05 23:41:42";"1,20";"340";"21"
"18461";"2011-01-05 23:41:53";"1,20";"320";"21"
"18465";"2011-01-05 23:48:00";"1,20";"327";"21"
"18529";"2011-01-10 18:52:40";"1,20";"195";"21"
"18545";"2011-01-10 21:35:36";"1,20";"152";"21"
"18558";"2011-01-11 20:22:33";"1,20";"356";"21"
"18572";"2011-01-11 21:04:01";"1,20";"210";"21"
"18578";"2011-01-11 21:19:34";"1,20";"356";"21"
"18584";"2011-01-11 21:35:20";"1,20";"210";"21"
"18585";"2011-01-11 21:39:05";"1,20";"179";"21"
"18630";"2011-01-11 23:08:38";"1,20";"198";"21"
"18632";"2011-01-11 23:09:49";"1,20";"327";"21"
"18694";"2011-01-12 01:00:54";"1,20";"198";"21"
"18729";"2011-01-12 23:32:02";"1,20";"198";"21"
"18752";"2011-01-14 21:16:13";"1,20";"327";"21"
"18754";"2011-01-14 21:20:42";"1,20";"361";"21"
"18763";"2011-01-14 22:06:12";"1,20";"320";"21"
"18768";"2011-01-14 22:12:46";"1,20";"203";"21"
"18769";"2011-01-14 22:13:13";"1,20";"203";"21"
"18778";"2011-01-14 22:52:25";"1,20";"371";"21"
"18787";"2011-01-18 20:26:08";"1,20";"179";"21"
"18809";"2011-01-18 21:25:07";"1,20";"198";"21"
"18826";"2011-01-18 22:00:05";"1,20";"99";"21"
"18841";"2011-01-18 22:17:41";"1,20";"99";"21"
"18845";"2011-01-18 22:25:19";"1,20";"203";"21"
"18851";"2011-01-18 22:37:11";"1,20";"371";"21"
"18858";"2011-01-18 22:41:58";"1,20";"420";"21"
"18870";"2011-01-18 23:28:01";"1,20";"371";"21"
"18871";"2011-01-18 23:29:32";"1,20";"320";"21"
"18875";"2011-01-18 23:37:29";"1,20";"363";"21"
"18876";"2011-01-18 23:40:27";"1,20";"360";"21"
"18898";"2011-01-19 00:48:49";"1,20";"320";"21"
"18904";"2011-01-19 19:54:39";"1,20";"203";"21"
"18909";"2011-01-19 22:44:52";"1,20";"327";"21"
"18910";"2011-01-19 22:44:52";"1,20";"327";"21"
"18912";"2011-01-19 23:18:13";"1,20";"327";"21"
"18915";"2011-01-19 23:54:29";"1,20";"320";"21"
"18916";"2011-01-19 23:54:41";"1,20";"371";"21"
"19009";"2011-02-01 21:24:38";"1,20";"356";"21"
"19020";"2011-02-01 22:02:13";"1,20";"371";"21"
"19057";"2011-02-02 00:22:53";"1,20";"203";"21"
"19149";"2011-02-03 01:01:14";"1,20";"327";"21"
"19154";"2011-02-03 01:12:33";"1,20";"198";"21"
"19163";"2011-02-07 21:56:38";"1,20";"198";"21"
"19197";"2011-02-08 21:09:00";"1,20";"269";"21"
"19210";"2011-02-08 21:38:42";"1,20";"198";"21"
"19226";"2011-02-08 22:14:25";"1,20";"198";"21"
"19266";"2011-02-08 23:54:53";"1,20";"270";"21"
"19270";"2011-02-09 00:34:30";"1,20";"201";"21"
"19278";"2011-02-09 18:45:06";"1,20";"211";"21"
"19291";"2011-02-09 19:38:18";"1,20";"203";"21"
"19297";"2011-02-09 20:14:41";"1,20";"198";"21"
"19298";"2011-02-09 20:48:15";"1,20";"447";"21"
"19299";"2011-02-09 20:48:21";"1,20";"447";"21"
"19300";"2011-02-09 21:07:41";"1,20";"198";"21"
"19307";"2011-02-09 22:37:51";"1,20";"198";"21"
"19311";"2011-02-09 22:52:00";"1,20";"210";"21"
"19312";"2011-02-09 22:54:24";"1,20";"201";"21"
"19313";"2011-02-09 22:58:35";"1,20";"356";"21"
"19314";"2011-02-09 23:03:58";"1,20";"198";"21"
"19331";"2011-02-09 23:36:55";"1,20";"198";"21"
"19334";"2011-02-09 23:51:42";"1,20";"320";"21"
"19429";"2011-02-15 21:26:11";"1,20";"269";"21"
"19516";"2011-02-22 21:27:47";"1,20";"327";"21"
"19517";"2011-02-22 21:27:47";"1,20";"327";"21"
"19536";"2011-02-22 22:04:05";"1,20";"356";"21"
"19555";"2011-02-22 22:53:16";"1,20";"327";"21"
"19563";"2011-02-22 23:05:26";"1,20";"368";"21"
"19581";"2011-02-22 23:38:28";"1,20";"198";"21"
"19595";"2011-02-23 00:13:59";"1,20";"198";"21"
"19617";"2011-03-01 20:30:32";"1,20";"201";"21"
"19618";"2011-03-01 20:47:09";"1,20";"269";"21"
"19623";"2011-03-01 20:51:28";"1,20";"327";"21"
"19624";"2011-03-01 20:51:28";"1,20";"327";"21"
"19634";"2011-03-01 21:18:33";"1,20";"324";"21"
"19635";"2011-03-01 21:18:33";"1,20";"324";"21"
"19636";"2011-03-01 21:18:33";"1,20";"324";"21"
"19637";"2011-03-01 21:18:33";"1,20";"324";"21"
"19691";"2011-03-01 23:34:22";"1,20";"231";"21"
"19720";"2011-03-02 23:22:11";"1,20";"361";"21"
"19734";"2011-03-03 00:07:15";"1,20";"198";"21"
"19967";"2011-03-08 21:37:16";"1,20";"371";"21"
"19984";"2011-03-08 21:58:56";"1,20";"61";"21"
"19989";"2011-03-08 22:07:29";"1,20";"85";"21"
"20011";"2011-03-08 22:46:24";"1,20";"198";"21"
"20027";"2011-03-08 23:15:08";"1,20";"175";"21"
"20035";"2011-03-08 23:28:51";"1,20";"360";"21"
"20041";"2011-03-08 23:41:34";"1,20";"198";"21"
"20062";"2011-03-09 00:27:50";"1,20";"198";"21"
"20089";"2011-03-09 23:23:52";"1,20";"371";"21"
"20105";"2011-03-10 00:15:22";"1,20";"198";"21"
"20151";"2011-03-15 20:18:04";"1,20";"327";"21"
"20152";"2011-03-15 20:18:41";"1,20";"198";"21"
"20179";"2011-03-15 21:40:10";"1,20";"217";"21"
"20181";"2011-03-15 21:40:17";"1,20";"198";"21"
"20203";"2011-03-15 22:16:54";"1,20";"198";"21"
"20205";"2011-03-15 22:24:33";"1,20";"356";"21"
"20232";"2011-03-15 23:36:08";"1,20";"371";"21"
"20242";"2011-03-16 00:15:59";"1,20";"371";"21"
"20249";"2011-03-16 00:38:49";"1,20";"198";"21"
"20254";"2011-03-16 01:09:49";"1,20";"198";"21"
"20264";"2011-03-16 22:30:40";"1,20";"356";"21"
"20287";"2011-03-16 22:57:51";"1,20";"322";"21"
"20306";"2011-03-16 23:21:58";"1,20";"371";"21"
"20330";"2011-03-17 00:00:12";"1,20";"367";"21"
"20366";"2011-03-18 17:47:38";"1,20";"319";"21"
"20388";"2011-03-21 20:42:00";"1,20";"60";"21"
"20443";"2011-03-22 22:30:22";"1,20";"201";"21"
"20484";"2011-03-22 23:43:51";"1,20";"371";"21"
"20615";"2011-03-29 22:32:01";"1,20";"371";"21"
"20622";"2011-03-29 23:04:54";"1,20";"371";"21"
"20644";"2011-03-31 20:42:55";"1,20";"290";"21"
"20666";"2011-04-05 20:31:20";"1,20";"327";"21"
"20667";"2011-04-05 20:31:20";"1,20";"327";"21"
"20696";"2011-04-05 21:38:24";"1,20";"356";"21"
"20724";"2011-04-05 22:22:02";"1,20";"371";"21"
"20779";"2011-04-05 23:56:56";"1,20";"356";"21"
"20783";"2011-04-06 00:04:33";"1,20";"327";"21"
"20807";"2011-04-06 21:45:20";"1,20";"392";"21"
"20946";"2011-04-07 01:22:03";"1,20";"343";"21"
"20968";"2011-04-12 21:01:39";"1,20";"81";"21"
"20969";"2011-04-12 21:01:39";"1,20";"81";"21"
"20976";"2011-04-12 21:32:01";"1,20";"179";"21"
"21003";"2011-04-12 23:52:22";"1,20";"327";"21"
"21055";"2011-04-19 21:38:52";"1,20";"152";"21"
"21056";"2011-04-19 21:41:22";"1,20";"356";"21"
"21067";"2011-04-19 22:08:49";"1,20";"269";"21"
"21133";"2011-04-26 20:46:32";"1,20";"269";"21"
"21145";"2011-04-26 21:17:09";"1,20";"327";"21"
"21154";"2011-04-26 21:57:46";"1,20";"269";"21"
"21192";"2011-04-26 23:16:39";"1,20";"269";"21"
"21204";"2011-04-27 00:34:23";"1,20";"198";"21"
"21221";"2011-04-27 22:41:16";"1,20";"327";"21"
"21222";"2011-04-27 22:41:19";"1,20";"327";"21"
"21321";"2011-04-29 15:25:37";"1,20";"185";"21"
"21323";"2011-04-29 16:52:56";"1,20";"271";"21"
"21324";"2011-04-29 16:53:06";"1,20";"423";"21"
"21325";"2011-04-29 16:53:13";"1,20";"389";"21"
"21326";"2011-04-29 16:54:14";"1,20";"203";"21"
"21327";"2011-04-29 16:59:30";"1,20";"196";"21"
"21328";"2011-04-29 17:10:24";"1,20";"201";"21"
"21387";"2011-04-29 20:07:32";"1,20";"12";"21"
"21388";"2011-04-29 20:07:32";"1,20";"12";"21"
"21412";"2011-04-29 21:51:42";"1,20";"185";"21"
"21413";"2011-04-29 21:51:42";"1,20";"185";"21"
"21414";"2011-04-29 21:51:42";"1,20";"185";"21"
"21415";"2011-04-29 21:51:42";"1,20";"185";"21"
"21416";"2011-04-29 21:51:42";"1,20";"185";"21"
"21456";"2011-04-30 01:57:39";"1,20";"327";"21"
"21457";"2011-04-30 01:57:39";"1,20";"327";"21"
"21460";"2011-04-30 01:59:27";"1,20";"12";"21"
"21464";"2011-05-03 19:22:42";"1,20";"66";"21"
"21493";"2011-05-03 21:44:41";"1,20";"269";"21"
"21512";"2011-05-03 22:41:16";"1,20";"179";"21"
"21553";"2011-05-04 00:00:29";"1,20";"194";"21"
"21569";"2011-05-09 19:27:47";"1,20";"66";"21"
"21571";"2011-05-09 19:54:39";"1,20";"66";"21"
"21572";"2011-05-09 19:54:50";"1,20";"198";"21"
"21573";"2011-05-09 19:54:57";"1,20";"198";"21"
"21574";"2011-05-09 20:24:22";"1,20";"198";"21"
"21576";"2011-05-09 21:16:38";"1,20";"198";"21"
"21578";"2011-05-09 21:16:47";"1,20";"66";"21"
"21579";"2011-05-09 21:53:07";"1,20";"198";"21"
"21580";"2011-05-09 21:56:28";"1,20";"198";"21"
"21581";"2011-05-09 21:56:28";"1,20";"198";"21"
"21583";"2011-05-09 22:20:54";"1,20";"66";"21"
"21626";"2011-05-10 21:54:23";"1,20";"356";"21"
"21631";"2011-05-10 22:09:12";"1,20";"159";"21"
"21654";"2011-05-10 22:41:15";"1,20";"198";"21"
"21655";"2011-05-10 22:41:15";"1,20";"198";"21"
"21678";"2011-05-10 23:24:34";"1,20";"327";"21"
"21690";"2011-05-10 23:41:47";"1,20";"227";"21"
"21727";"2011-05-11 21:38:46";"1,20";"336";"21"
"21728";"2011-05-11 21:46:11";"1,20";"361";"21"
"21741";"2011-05-11 22:16:04";"1,20";"356";"21"
"21766";"2011-05-11 22:34:11";"1,20";"159";"21"
"21837";"2011-05-11 23:42:58";"1,20";"198";"21"
"21855";"2011-05-11 23:56:27";"1,20";"371";"21"
"21879";"2011-05-12 00:29:23";"1,20";"371";"21"
"21881";"2011-05-12 00:32:55";"1,20";"198";"21"
"22047";"2011-05-18 00:30:28";"1,20";"371";"21"
"22053";"2011-05-18 22:48:36";"1,20";"270";"21"
"22073";"2011-05-18 23:13:59";"1,20";"327";"21"
"22074";"2011-05-18 23:14:00";"1,20";"327";"21"
"22083";"2011-05-18 23:32:47";"1,20";"66";"21"
"22264";"2011-05-25 00:34:52";"1,20";"371";"21"
"22318";"2011-05-27 20:19:16";"1,20";"356";"21"
"22360";"2011-05-27 22:29:39";"1,20";"76";"21"
"22361";"2011-05-27 22:29:52";"1,20";"320";"21"
"22375";"2011-05-27 23:12:09";"1,20";"320";"21"
"22434";"2011-05-31 21:53:50";"1,20";"269";"21"
"22435";"2011-05-31 21:56:03";"1,20";"198";"21"
"22451";"2011-05-31 22:21:47";"1,20";"152";"21"
"22541";"2011-06-01 22:16:26";"1,20";"210";"21"
"22544";"2011-06-01 22:22:46";"1,20";"269";"21"
"22547";"2011-06-01 22:34:26";"1,20";"361";"21"
"22549";"2011-06-01 22:44:26";"1,20";"198";"21"
"22550";"2011-06-01 22:44:50";"1,20";"270";"21"
"22551";"2011-06-01 22:45:01";"1,20";"185";"21"
"22552";"2011-06-01 22:45:24";"1,20";"327";"21"
"22553";"2011-06-01 22:46:24";"1,20";"363";"21"
"22554";"2011-06-01 22:49:09";"1,20";"336";"21"
"22555";"2011-06-01 23:00:51";"1,20";"320";"21"
"22556";"2011-06-01 23:00:51";"1,20";"320";"21"
"22557";"2011-06-01 23:00:51";"1,20";"320";"21"
"22558";"2011-06-01 23:00:51";"1,20";"320";"21"
"22559";"2011-06-01 23:01:02";"1,20";"361";"21"
"22560";"2011-06-01 23:01:02";"1,20";"361";"21"
"22561";"2011-06-01 23:01:02";"1,20";"361";"21"
"22562";"2011-06-01 23:01:02";"1,20";"361";"21"
"22563";"2011-06-01 23:01:24";"1,20";"320";"21"
"22564";"2011-06-01 23:01:25";"1,20";"320";"21"
"22565";"2011-06-01 23:01:42";"1,20";"320";"21"
"22568";"2011-06-01 23:04:09";"1,20";"336";"21"
"22569";"2011-06-01 23:04:09";"1,20";"336";"21"
"22570";"2011-06-01 23:04:10";"1,20";"336";"21"
"22571";"2011-06-01 23:16:34";"1,20";"327";"21"
"22615";"2011-06-07 22:07:42";"1,20";"269";"21"
"22700";"2011-06-08 00:49:42";"1,20";"371";"21"
"22701";"2011-06-08 00:59:59";"1,20";"345";"21"
"22720";"2011-06-08 22:01:36";"1,20";"338";"21"
"22888";"2011-06-14 22:23:01";"1,20";"198";"21"
"22889";"2011-06-14 22:23:01";"1,20";"198";"21"
"22890";"2011-06-14 22:23:01";"1,20";"198";"21"
"22891";"2011-06-14 22:23:01";"1,20";"198";"21"
"22892";"2011-06-14 22:23:14";"1,20";"196";"21"
"22894";"2011-06-14 22:26:39";"1,20";"198";"21"
"22922";"2011-06-14 23:01:23";"1,20";"371";"21"
"22923";"2011-06-14 23:01:23";"1,20";"371";"21"
"22937";"2011-06-14 23:36:49";"1,20";"371";"21"
"22979";"2011-06-15 17:36:30";"1,20";"336";"21"
"23152";"2011-06-16 01:39:57";"1,20";"363";"21"
"23153";"2011-06-16 01:40:33";"1,20";"336";"21"
"23154";"2011-06-16 01:40:43";"1,20";"367";"21"
"23155";"2011-06-16 01:40:50";"1,20";"367";"21"
"23156";"2011-06-16 01:40:58";"1,20";"336";"21"
"23186";"2011-06-22 22:20:53";"1,20";"269";"21"
"23194";"2011-06-22 22:50:20";"1,20";"203";"21"
"23225";"2011-06-23 00:49:29";"1,20";"336";"21"
"23275";"2011-06-28 21:34:13";"1,20";"320";"21"
"23295";"2011-06-28 22:39:34";"1,20";"69";"21"
"23303";"2011-06-28 22:50:58";"1,20";"66";"21"
"23437";"2011-09-05 20:19:45";"1,20";"327";"21"
"23438";"2011-09-05 20:19:58";"1,20";"363";"21"
"23465";"2011-09-05 22:06:03";"1,20";"269";"21"
"23494";"2011-09-06 20:58:11";"1,20";"269";"21"
"23539";"2011-09-06 22:20:16";"1,20";"482";"21"
"23628";"2011-09-07 22:03:12";"1,20";"356";"21"
"23650";"2011-09-07 22:31:08";"1,20";"210";"21"
"23706";"2011-09-07 23:25:09";"1,20";"270";"21"
"23761";"2011-09-08 01:05:00";"1,20";"356";"21"
"23788";"2011-09-08 03:22:41";"1,20";"356";"21"
"23888";"2011-09-13 21:35:52";"1,30";"270";"21"
"23930";"2011-09-13 22:05:51";"1,30";"474";"21"
"23956";"2011-09-13 22:34:36";"1,30";"358";"21"
"23988";"2011-09-13 23:31:58";"1,30";"371";"21"
"23994";"2011-09-13 23:42:16";"1,30";"371";"21"
"24013";"2011-09-14 12:57:17";"1,30";"338";"21"
"24110";"2011-09-14 23:36:29";"1,30";"201";"21"
"24168";"2011-09-16 20:35:20";"1,30";"201";"21"
"24221";"2011-09-20 21:14:45";"1,30";"320";"21"
"24256";"2011-09-20 21:52:45";"1,30";"320";"21"
"24290";"2011-09-20 22:18:17";"1,30";"484";"21"
"24302";"2011-09-20 22:29:14";"1,30";"264";"21"
"24325";"2011-09-20 22:41:27";"1,30";"320";"21"
"24334";"2011-09-20 22:51:40";"1,30";"335";"21"
"24388";"2011-09-20 23:43:09";"1,30";"484";"21"
"24391";"2011-09-20 23:50:06";"1,30";"250";"21"
"24393";"2011-09-20 23:50:57";"1,30";"320";"21"
